First_Name,Last_Name,E-Mail
Sushan,Kattel,sushankattel@gmail.com
Ram,Kumar,rkumar@gmail.com
Shyam,Prasad,shyamm@jkdsfv.com
David,Joy,djoy@example.com
John,Grylls,grillsjohn@example.com
Peter,Johnson,pjohn@gfjr.com
Kapil,Sharma,ksharma234@ex.com
Guddu,Sashtri,sastrijii@fgdu.com
